variable,max_abs_error,max_relative_error,median_ratio,correlation
GDP,1.1102230246251565e-16,6.127862143848414e-13,0.9999999999999913,1.0
Con,0.0009765625,2.346684659277232e-16,1.0,1.0
GFCF,9.80118763926896e-17,1.2965398135340726e-12,0.9999999999999709,1.0
GO_c,1.1102230246251565e-16,1.7625700003376994e-13,0.999999999999994,1.0
GO_m,9.942133921692076e-17,1.3466526667561418e-12,0.9999999999999934,1.0
GO_x,9.71445146547012e-17,1.1727141365550244e-12,0.9999999999999863,1.0
VA_c,9.974659986866641e-17,8.296998180101467e-13,0.9999999999999916,0.9999999999999998
VA_m,9.77950359581925e-17,8.57766652698456e-12,0.9999999999999586,1.0
VA_x,9.367506770274758e-17,1.5998946704474492e-12,0.9999999999999456,1.0
ABS,1.1102230246251565e-16,4.898407964626711e-13,0.9999999999999882,1.0
export,9.80118763926896e-17,5.596203516125761e-12,0.9999999999999727,1.0
import,9.974659986866641e-17,1.3108575071759743e-12,0.9999999999999698,0.9999999999999998
emp,1.4210854715202004e-14,2.2272831376487726e-16,1.0,1.0
pl_c,1.8932661725304283e-29,1.8932661725304283e-17,,1.0
pl_i,3.3132158019282496e-29,3.3132158019282496e-17,,1.0
P_m,3.1554436208840472e-30,3.1554436208840472e-18,,1.0
T_m0,1.0468950706332691e-10,2.9933855143398802e-09,1.000000000000003,1.0
A_c0,5.988989859595506e-10,1.5462658051033303e-09,1.0000000000000022,0.9999999999999998
A_x0,8.758374026029969e-10,6.130924466330928e-10,1.0000000000000018,0.9999999999999997
nu_m0,1.1102230246251565e-16,3.1874640627346236e-16,0.9999999999999999,1.0
nu_x0,1.1102230246251565e-16,4.069184493579384e-16,0.9999999999999999,0.9999999999999998
nu_c0,1.1102230246251565e-16,4.1008740402286536e-16,1.0,1.0
L0,1.4210854715202004e-14,2.2272831376487726e-16,1.0,1.0
K0,0.0,0.0,1.0,1.0
F,9.974659986866641e-17,6.668933974962195e-12,0.9999999999998223,0.9999999999999998
trade_share,6.661338147750939e-16,8.447397138439638e-12,0.9999999999999839,1.0
trade_cost,7.105427357601002e-15,7.591578211514898e-16,1.0,1.0
