figure,path
VAshares_density_cty44,E:\zotero\部分论文复刻\JIE2019资本积累和动态效应检验\自我复刻代码\Python_复刻输出\figures\VAshares_density_cty44.png
DynGain20pct_vs_GDP,E:\zotero\部分论文复刻\JIE2019资本积累和动态效应检验\自我复刻代码\Python_复刻输出\figures\DynGain20pct_vs_GDP.png
TransC_Uniform20pct_4cty,E:\zotero\部分论文复刻\JIE2019资本积累和动态效应检验\自我复刻代码\Python_复刻输出\figures\TransC_Uniform20pct_4cty.png
TransCAoverGDP_Uniform20pct_4cty,E:\zotero\部分论文复刻\JIE2019资本积累和动态效应检验\自我复刻代码\Python_复刻输出\figures\TransCAoverGDP_Uniform20pct_4cty.png
CAoverGDPper1_vs_GDP,E:\zotero\部分论文复刻\JIE2019资本积累和动态效应检验\自我复刻代码\Python_复刻输出\figures\CAoverGDPper1_vs_GDP.png
TransTFP_Uniform20pct_4cty,E:\zotero\部分论文复刻\JIE2019资本积累和动态效应检验\自我复刻代码\Python_复刻输出\figures\TransTFP_Uniform20pct_4cty.png
TransRelP_Uniform20pct_4cty,E:\zotero\部分论文复刻\JIE2019资本积累和动态效应检验\自我复刻代码\Python_复刻输出\figures\TransRelP_Uniform20pct_4cty.png
Transy_Uniform20pct_4cty,E:\zotero\部分论文复刻\JIE2019资本积累和动态效应检验\自我复刻代码\Python_复刻输出\figures\Transy_Uniform20pct_4cty.png
TransK_Uniform20pct_4cty,E:\zotero\部分论文复刻\JIE2019资本积累和动态效应检验\自我复刻代码\Python_复刻输出\figures\TransK_Uniform20pct_4cty.png
HalfLifeK20pct_vs_GDP,E:\zotero\部分论文复刻\JIE2019资本积累和动态效应检验\自我复刻代码\Python_复刻输出\figures\HalfLifeK20pct_vs_GDP.png
ElastDynGain4cty_vs_lib20406080100,E:\zotero\部分论文复刻\JIE2019资本积累和动态效应检验\自我复刻代码\Python_复刻输出\figures\ElastDynGain4cty_vs_lib20406080100.png
Gains_Uniform_vs_Unilat,E:\zotero\部分论文复刻\JIE2019资本积累和动态效应检验\自我复刻代码\Python_复刻输出\figures\Gains_Uniform_vs_Unilat.png
Gains_DynRelToInsty_vs_NFA,E:\zotero\部分论文复刻\JIE2019资本积累和动态效应检验\自我复刻代码\Python_复刻输出\figures\Gains_DynRelToInsty_vs_NFA.png
TFP_SameNuXandNuC_BGR,E:\zotero\部分论文复刻\JIE2019资本积累和动态效应检验\自我复刻代码\Python_复刻输出\figures\TFP_SameNuXandNuC_BGR.png
K_SameNuXandNuC_BGR,E:\zotero\部分论文复刻\JIE2019资本积累和动态效应检验\自我复刻代码\Python_复刻输出\figures\K_SameNuXandNuC_BGR.png
TFP_SameNuXandNuC_USA,E:\zotero\部分论文复刻\JIE2019资本积累和动态效应检验\自我复刻代码\Python_复刻输出\figures\TFP_SameNuXandNuC_USA.png
K_SameNuXandNuC_USA,E:\zotero\部分论文复刻\JIE2019资本积累和动态效应检验\自我复刻代码\Python_复刻输出\figures\K_SameNuXandNuC_USA.png
nu_c_dynamicAndStatic_cty44,E:\zotero\部分论文复刻\JIE2019资本积累和动态效应检验\自我复刻代码\Python_复刻输出\figures\nu_c_dynamicAndStatic_cty44.png
NomInvRate_density_cty44,E:\zotero\部分论文复刻\JIE2019资本积累和动态效应检验\自我复刻代码\Python_复刻输出\figures\NomInvRate_density_cty44.png
Openness_vs_GDP_cty44,E:\zotero\部分论文复刻\JIE2019资本积累和动态效应检验\自我复刻代码\Python_复刻输出\figures\Openness_vs_GDP_cty44.png
