country,pop,emp,cgdpo,ck,csh_i,pl_gdpo,pl_c,pl_i,pl_x,pl_m,P_m,GDP,VA_x,VA_m,VA_c,GO_x,GO_m,GO_c,GFCF,Con,IO_cm,IO_cc,IO_xm,IO_xx,IO_xc,IO_mc,IO_mx,IO_cx,IO_mm,export,import,ABS
AUS,23.622353,11.966839790344238,1029705.0625,3944975.5,0.24801258742809296,1.4289904832839966,1.8989138630200158e-14,2.0572962036284072e-14,0.7122825384140015,0.7423257231712341,9.85414582400457e-15,0.01838784926118299,0.0018699833442245694,0.002803972980454017,0.0137138929365044,0.005949291306374113,0.006956262708952598,0.023997995109637033,0.004922811574364912,1022865815466.9907,0.0017894694531474156,0.008034928819178808,0.00022142259869341693,0.0015965942296732902,0.000715167788781143,0.0012446560189335355,0.000989825848234068,0.00131350371727677,0.003327764952292329,0.0027354059042991206,0.0018467800189289885,0.0060676368235824665
AUT,8.516916,4.420995235443115,384609.15625,1891024.375,0.2666074335575104,1.1359260082244873,1.4671413468665006e-14,1.313741487846014e-14,0.7607452273368835,0.7097057700157166,9.961471371800268e-15,0.005279504155306754,0.0006933058035385589,0.0007170293656687957,0.0038691689860993993,0.0018424801930342054,0.002351269602222787,0.00677582733741894,0.0012680689562858977,295543751209.3774,0.0005210972930005459,0.0021582351915796134,0.00009407411287529237,0.0005301129764538056,0.0002588022883148666,0.00037985425148972363,0.00040755905138966004,0.00033802999302319183,0.0009312991180432706,0.0012483453291998647,0.0012499348547608945,0.0023528591277838166
BEL,11.226322,4.899380683898926,436640.1875,2300616.0,0.3049895465373993,1.2173560857772827,1.4985856381362182e-14,1.2444592938323797e-14,0.7537218332290649,0.6940866112709045,9.80808092054957e-15,0.006451232128527125,0.0005395967492341736,0.0007636349967990174,0.005148000382493934,0.0018564117453566836,0.0035772811640623838,0.00961579691962427,0.001485913177966133,364857065151.5692,0.0008980504622546039,0.003489566393881908,0.00007966644444817815,0.00045849712921536533,0.00021875265667902708,0.0006812498709800291,0.0004488176712619182,0.0004388723646547567,0.001479347595597248,0.0025774132613249874,0.0020385810097510717,0.003038448912488468
BGR,7.201308,3.5713400840759277,120754.734375,312399.375,0.17860883474349976,0.469694584608078,6.582449097974154e-15,7.639533978295483e-15,0.7345695495605469,0.6237605214118958,9.201915697842746e-15,0.0006685104526071525,0.00004876434693424698,0.00013537608588478218,0.00048437001978812326,0.00021195113496834332,0.0005171958385735986,0.0009356360906946027,0.00015933336528407802,43731544243.97953,0.00012473126400802404,0.00031705047694057973,0.000011633863513353873,0.00004430717879008077,0.00004320899450102544,0.00007834110240439363,0.00006613484279561047,0.00006931016728610914,0.00018837059768358683,0.00022149425864519722,0.00029370438136636003,0.0005894059612947613
BRA,206.0779,105.90861511230469,3023892.0,13655093.0,0.2465568482875824,0.7759943604469299,1.0980238871322783e-14,8.563398663703029e-15,0.7431303858757019,0.7257350087165833,9.950729812555953e-15,0.0280722401711036,0.00273161365515484,0.004935162024813806,0.02040546449113495,0.0076348634873259925,0.015929510302866882,0.03203341983096413,0.006399246712952191,1838474615656.6685,0.003352714165553937,0.007943266976885376,0.0001537573884055188,0.0011392988726103535,0.0005028728878563081,0.002000622176874517,0.0015771534263019757,0.0013922880019895654,0.006638984193866773,0.0027259657065323473,0.00209809403611886,0.015301638632453395
CAN,35.587793,18.828073501586914,1522928.75,6097224.5,0.2599124014377594,1.1723376512527466,1.5900619495103126e-14,1.4679298940741296e-14,0.7312752604484558,0.7616442441940308,1.0113682763093316e-14,0.022701405580167738,0.0023805778597837546,0.004162728292851469,0.016158099427532515,0.006028605184492572,0.010012985683110867,0.028021691237669642,0.005518277549928313,1271852193867.5225,0.002241698945027177,0.008879254491189573,0.00016041590102132186,0.0005265139336223135,0.0009624272043960568,0.00183042060037011,0.0012460231536817745,0.0013592527661290023,0.0045980657457923195,0.00438085981019668,0.0036395925567821595,0.009271718429696348
CHE,8.211383,5.0144171714782715,505576.8125,1907268.125,0.2660447657108307,1.386608600616455,2.0722400631715843e-14,1.6569629754699993e-14,0.7570927739143372,0.7685412168502808,1.0335304848790488e-14,0.009220453455249435,0.0011461396915784803,0.0011416020630133975,0.006932711700657559,0.002954572509718878,0.0032775536708288693,0.012718199574486711,0.0022457093460250075,445850459313.20874,0.0008336118623039813,0.004937461801442437,0.00009775734281167651,0.0009145513466711956,0.00041499542611095493,0.0006929692331086949,0.000419193091454463,0.0006328207449697956,0.0011330908968110993,0.0016052376962423659,0.0014335252363952991,0.0031058412109818026
CHN,1369.4356699999998,798.3677978515625,16810260.0,69379696.0,0.46753931045532227,0.6204894781112671,8.52153758067397e-15,8.243772235089143e-15,0.7412354350090027,0.7851042151451111,1.0340085290858507e-14,0.13933630279951328,0.023029539964417218,0.04863064311400342,0.06767611972109265,0.11507220785610342,0.18031800618995428,0.13471990813137427,0.06466094352768832,5043668265279.548,0.024946880279845336,0.038656834129678894,0.005236555156958314,0.036913488848863155,0.009613895239841125,0.020152364205093577,0.03685469285224615,0.018052013969082594,0.09659304246542975,0.01268130658210902,0.012268013697693208,0.17990471330553845
CYP,0.882577,0.2880662679672241,21542.876953125,131595.765625,0.18197102844715118,1.0712037086486816,1.2469044045820231e-14,1.0488270955039602e-14,0.7396466135978699,0.6370516419410706,9.326349728654068e-15,0.0002852160984844014,8.450698084664114e-6,0.000020627374822366274,0.00025613802557737094,0.000028160418228233026,0.000058777988421979155,0.0004475408015483539,0.00003799910024342684,20808226016.93565,0.00002277701901651896,0.00017013097740769186,5.248473542400587e-7,4.971604389856375e-6,4.996151886183199e-6,0.000014991403489164773,5.3197102363215205e-6,0.000012705180164746636,0.000015130926257231769,0.000014504987384281149,0.00007313297180254854,0.00011740597284024656
CZE,10.542665999999999,5.0684404373168945,305246.75,1733171.125,0.2524011731147766,0.6724714040756226,8.7672968525189e-15,9.114938823935367e-15,0.771549642086029,0.693558394908905,9.925275846251048e-15,0.0025210829278308378,0.00043608328108884895,0.00046368113796725857,0.0016213185087747303,0.0017360708998823908,0.0015818429276915195,0.003358584766499357,0.0006628134444209621,130045500593.16139,0.00031367753888428696,0.001204957358658773,0.00007906300061903019,0.0006395300847741635,0.00021627533240519938,0.00024001201082334212,0.00031284286770757417,0.0002871745239748281,0.0006245808552675858,0.00081242197398619,0.0008631458216603052,0.0016325667753656346
DEU,80.646262,42.453529357910156,3725049.25,15146735.0,0.19512112438678741,1.0384536981582642,1.3997900259353493e-14,1.392529181928862e-14,0.7785918116569519,0.7615817785263062,1.043380238704711e-14,0.04721474854947098,0.007387099640414442,0.005875703565803416,0.033951945343253125,0.019187250590800765,0.018980918932895857,0.05757814727048348,0.009161275270389844,2553743874330.1987,0.0047420436326186585,0.01865573732487437,0.0008956723659268573,0.004896231184008234,0.002493776735187657,0.0026870142970016777,0.003301681991008364,0.004030165502084834,0.006859104721616309,0.008386780822581952,0.007899474651531159,0.018493612761845066
DNK,5.6468989999999994,2.8066797256469727,246955.25,1079511.125,0.23909425735473633,1.4015473127365112,1.9183223250300545e-14,1.5804791866398856e-14,0.7459861636161804,0.6893105506896973,9.723321045950193e-15,0.004063002545202284,0.00034328529951167813,0.0005603304913738435,0.0031593867543167615,0.0009403341176070336,0.0015090969929843889,0.005877455741949947,0.0008314387215475588,228535436211.0534,0.0004505517352521555,0.0018565855580644787,0.000050860157297232996,0.00013593422687705153,0.00016017087204857195,0.0002719226965503566,0.00014678174065443025,0.0003248691894167296,0.0005121169243162972,0.0008910569682726873,0.0007757924932879623,0.001393832517999664
ESP,46.259716,17.612688064575195,1501317.5,8438931.0,0.25052857398986816,0.9200865626335144,1.2771197539987179e-14,9.841462140134287e-15,0.7500106692314148,0.6878995895385742,9.741026327122464e-15,0.01706924695004757,0.0014705386588105048,0.002191529749778976,0.013407178541458092,0.004207245788666564,0.008325436893508203,0.022259523152249612,0.0034519641295608274,1042651399812.7874,0.0018040927435510408,0.006548159318572735,0.00017996118529205876,0.0008793791409023497,0.0004633643794403549,0.0015131214267580318,0.0009454343260613265,0.0008929601901294952,0.003400257640551635,0.0026287721632807844,0.002946359296588469,0.008643024026815887
EST,1.316203,0.6335540413856506,33815.90625,150939.28125,0.2973865568637848,0.7832159399986267,1.0346577732019868e-14,9.978779474348862e-15,0.7435080409049988,0.665549099445343,9.545562817191191e-15,0.00031695870506204764,0.00003145978624644349,0.000055277882255830525,0.00023022103655977362,0.00011213609719024791,0.000181005561678974,0.00044504347154607844,0.00009528096547112175,17583408791.17728,0.00004816724404491537,0.00016865940256421944,4.449050899144192e-6,0.000025293089185513775,0.000015038160118946963,0.000031361480069011074,0.000030508585029797708,0.00002394886730401141,0.00006551189371803827,0.00010496725514667474,0.00011935729203195025,0.0001953955985642495
FIN,5.47966,2.598491668701172,207230.8125,1003242.0625,0.2435711771249771,1.3135913610458374,1.6887327525437895e-14,1.5349485630095176e-14,0.7660870552062988,0.6905339360237122,9.867780925597008e-15,0.003180343299870564,0.0003956866967443056,0.0004359519535617105,0.002348704649564548,0.001105251600185932,0.0016006924557510054,0.004253537491745456,0.0007161347671569715,192496921236.05536,0.0003507552483393557,0.00127647102776283,0.00006191863592093448,0.0001836673406893914,0.00018168957872562145,0.0003236217518811528,0.00026162862193141844,0.00021816676379448027,0.0007334022687882417,0.0006850333404827309,0.0005752906391712069,0.0014909497544394815
FRA,66.100168,27.253528594970703,2522987.0,12076728.0,0.2454989105463028,1.121366024017334,1.485216457729184e-14,1.3712207718184813e-14,0.7655630111694336,0.7488394379615784,1.0259217525482344e-14,0.034383541405266005,0.0028917176165174792,0.003524443972549856,0.02796737981619867,0.008408609549562187,0.01158578150304715,0.04802273563631787,0.007862611365073035,2085500940542.166,0.0031590972889203777,0.015840015240937706,0.0001835618216468717,0.0018332432294499385,0.0007421233261390214,0.0019039495816067667,0.0014992154374625637,0.002019882800238602,0.004163337045174612,0.003722713486152557,0.004931564342692547,0.01279463235958714
GBR,64.33134799999999,30.962045669555664,2465456.0,11811327.0,0.23440858721733093,1.2123085260391235,1.6772606034002576e-14,1.226158701188211e-14,0.7567233443260193,0.743791937828064,1.0165139846916281e-14,0.03612257017222229,0.0033735910002990837,0.0035263090378005483,0.029222670134122657,0.00902429859407275,0.009336801210216496,0.0532238343596296,0.006718827058585606,2329060509415.5557,0.0024129933402500373,0.018318036213170713,0.00033019616883473725,0.002210856508138542,0.0019542720002146356,0.0023487155498808196,0.0014389592210987741,0.0019375949773366135,0.0031565370056329824,0.002521177184616123,0.004430842083254814,0.011246466108855187
GRC,11.000777,3.9877212047576904,268255.625,2004816.375,0.15089432895183563,0.8781701922416687,1.1750698612368229e-14,9.639840141951903e-15,0.7291654944419861,0.6471613645553589,9.323833727764987e-15,0.002822820319341227,0.00010381870578533446,0.00036182136654226834,0.0023571802470136244,0.0002553039097975286,0.001201552667480875,0.0036272746046691474,0.0003442964536225663,209371469169.01422,0.0004064286980959893,0.0009338139594665306,0.000011206327307651186,0.000011358248813506391,0.0000687117563533799,0.00019969245686363385,0.00009832962324166092,0.00009441744431707284,0.0003071719046208375,0.00035987857489519265,0.0005816009132458212,0.0014232750058315036
HRV,4.255853,1.4993664026260376,87224.1875,411750.84375,0.19561930000782013,0.6550543904304504,9.163749235796464e-15,8.254262187874819e-15,0.7247164845466614,0.6156455874443054,9.080192697358707e-15,0.000652513201549809,0.00004766339425271705,0.00012631355560899373,0.00047853625168809826,0.00013498621300640516,0.0003508409928893558,0.0008340841272589417,0.00012959928057003226,41305763994.58663,0.00010657920212131582,0.0002595228819583297,6.669725684262273e-6,0.000016886091074128186,0.000014245626072936925,0.00005433249221337366,0.000028461392808200864,0.00005327424069174266,0.00009454196089557771,0.00016591512581287624,0.00017428304826805328,0.0003592089153445328
HUN,9.88954,4.15802001953125,223793.75,1065811.75,0.22464750707149506,0.6181882619857788,7.909622042445196e-15,8.282002505616973e-15,0.7674767971038818,0.6604500412940979,9.673394317346233e-15,0.0015804674289129478,0.0002347879601189443,0.0002797801692591552,0.0010658992995348485,0.0009528222042882068,0.0009731250408635007,0.001927750414033599,0.00038513107919223213,87260442343.0625,0.00016947524793591565,0.0005778735300455619,0.000040984445876005584,0.00028654326464273426,0.00009999604336190454,0.0001532310345688586,0.0001335887693608373,0.0001269028100292898,0.0003791472093147153,0.0005200449015839636,0.0005753223745758416,0.0010284025138553785
IDN,254.45477799999998,113.02394104003906,2453519.25,13456787.0,0.3604620397090912,0.3621484339237213,5.2102300593976915e-15,4.716756947183634e-15,0.6915303468704224,0.7320017218589783,9.643622245840262e-15,0.011772186748832451,0.0015993202835320455,0.004929839918394839,0.005243026546905567,0.004587790330394218,0.009560042168143733,0.009079571090415838,0.004145364798179604,566563658952.8877,0.001058499103069526,0.0021289346726975486,0.00015296440402234778,0.0003563987847033137,0.00029763766336147774,0.0014038626756080082,0.0013580172854460598,0.0008625630660440501,0.003735048515650431,0.002347621218646204,0.0017164558985822897,0.008928876848079819
IND,1295.291543,510.2787780761719,6976560.0,22491836.0,0.2738927900791168,0.2945494055747986,3.942335012664877e-15,4.606903666976991e-15,0.7424766421318054,0.7432153224945068,1.0064720279413626e-14,0.027020694697244156,0.002591758917123493,0.007882707818626546,0.016546227961494117,0.008956036105890006,0.022316009463929407,0.022700227491255928,0.0077191561981050415,1539515020504.6606,0.004111752127916012,0.0034089282439166684,0.0004395071862736099,0.0016377045276411313,0.0006568634495234781,0.0021370074445737327,0.002547356218125203,0.0016513919551826497,0.007639037933573961,0.00281390895824876,0.0035897633546734726,0.023091863860354122
IRL,4.675164,1.8519502878189087,239482.609375,991600.875,0.2636295258998871,1.0473145246505737,1.6899389977557446e-14,1.0937705019061136e-14,0.7457570433616638,0.6947805285453796,9.758824883243437e-15,0.0030845670676285385,0.000167364510925165,0.0005881049452484362,0.0023290976114549375,0.0005834394313606081,0.0016074981301375324,0.004711899031689674,0.0006271980029818154,138507312378.26187,0.0003779319032560024,0.0019279150463046204,0.00002454907380932225,0.0001141521639339404,0.0000635370550499305,0.00023093127112274817,0.00010584415472088234,0.0002142275472503164,0.0004711567382299743,0.0014152973617198195,0.0004999220769447791,0.0006921228453624921
ITA,59.788667,23.584444046020508,2087830.875,13027931.0,0.20991802215576172,1.0255435705184937,1.4188374090233184e-14,1.0805688273430248e-14,0.7721935510635376,0.7099490761756897,1.0040675532030705e-14,0.026085759265992447,0.002499492591490368,0.003487105221652491,0.020099161452849585,0.007922209997104766,0.012760083261271784,0.03453478178962698,0.004506584678866735,1596661278729.3818,0.0030627758201518976,0.010714801892648795,0.00044413087099305686,0.0022237281164515475,0.0009095052169389215,0.0020792473489250913,0.0018118844747065023,0.001826634066458916,0.004794642845615117,0.0040715419437143,0.0037861091056625258,0.012474650423220011
JPN,126.794564,64.98536682128906,4472119.5,18236474.0,0.2177722454071045,1.029136061668396,1.4096158500526153e-14,1.3981345606063611e-14,0.7977906465530396,0.8474532961845398,1.114559442287777e-14,0.06012833527201727,0.008163826089145594,0.007970695538996861,0.04399381364387482,0.02204347847807478,0.02547070632669248,0.06993734894680612,0.013560142189678177,3560211396719.921,0.004409985422397666,0.017243287160476604,0.0005655906362394943,0.005517395661160011,0.0026008950549898545,0.005083372866388112,0.0049540952068681384,0.004276535468797228,0.010310801521714895,0.003390469524272793,0.007696714854643706,0.029776951657063393
KOR,50.074400999999995,26.139667510986328,1731831.625,6839375.0,0.3037230968475342,0.8143880367279053,1.1248674060505477e-14,1.0594103674652042e-14,0.776689350605011,0.7673859000205994,1.0460233923268958e-14,0.017438655123959736,0.0036459493725558762,0.002939131369791736,0.010853574381612125,0.012909209982365229,0.012970328114122605,0.02023882718991576,0.005117415523149558,853649350436.7596,0.0020572932001176824,0.005773336420139961,0.0004477634562683289,0.004803658077262106,0.0011718622781073781,0.0021960443294932533,0.002917634262644547,0.0018853560843766837,0.006232335066407523,0.0030989703326968414,0.00465193974887216,0.014523297530297925
LTU,2.916798,1.0964269638061523,72861.6171875,257047.1875,0.17839764058589935,0.6641675233840942,8.58375334257723e-15,9.245858625419412e-15,0.7330713272094727,0.6291676163673401,9.22839609237106e-15,0.000592337787096592,0.000056111156277989775,0.00012515996287111066,0.0004110666679474915,0.00010536822732417732,0.00041510054910389485,0.00064023254435226,0.00010728168103338998,35935908303.19432,0.00008250895471206287,0.0001887157133403351,6.7434577948191816e-6,0.000025613028797785005,0.000013273269410463426,0.00008207958262754942,0.00003113000029985693,0.000023883674384813118,0.00013056650523992621,0.00026424310698610205,0.00027839119938209646,0.0004292486414998892
LUX,0.556573,0.4224495589733124,36645.64453125,180698.0625,0.36423465609550476,1.7703050374984741,1.6998998201350433e-14,1.2728558473178977e-14,0.7466759085655212,0.6718937754631042,9.610004904479258e-15,0.0007891587311945531,0.0000510305613196082,0.000034782994240205,0.0007033451756347399,0.00012547341677626587,0.00014848160299221812,0.00259797347749512,0.0001593532039662587,33554401581.853252,0.00021446228632607237,0.0014226521352996323,5.0737188337746636e-6,9.30288813194009e-6,0.000029506055460900417,0.00002843170993081134,0.00003341061263228823,0.00015448279538369999,0.00005080876917314754,0.00010200939689026598,0.00016546098487865897,0.00021193319098061108
LVA,1.9893539999999998,0.8054477572441101,44107.53515625,308635.96875,0.23026105761528015,0.7093013525009155,9.618167317842803e-15,9.800185406165716e-15,0.7279043793678284,0.6493645310401917,9.330215591679594e-15,0.00037602999579022084,0.00003121428714970632,0.00005432982763278934,0.00029048588100772516,0.00011440646647605216,0.00018285411582629434,0.0005796987165004643,0.00009614059332727751,22643782481.222893,0.000050911504516269014,0.00023862924048929416,2.301798896947628e-6,0.000036162734307467056,0.00001681164678713351,0.000025104051695815382,0.000026476367908906806,0.000026638342050258365,0.00007599027599323851,0.00009474311667413067,0.00013103327865635555,0.0002191442778085192
MEX,125.38583299999999,51.412574768066406,1934006.25,6677512.0,0.21045856177806854,0.6694366335868835,9.69279550234611e-15,9.363396695895222e-15,0.757004976272583,0.7021390199661255,9.884872853318706e-15,0.016634647373538224,0.002110456277306855,0.003842388970317213,0.010681802125914155,0.005694594351466963,0.008865132608091355,0.014305986474497887,0.0037092431095827132,945863170652.1757,0.0012493998290910152,0.0022491600410413084,0.00012617354692545863,0.0010197688146509395,0.00045825481379747543,0.0009852817028324949,0.0009314439647704324,0.0008119514222656462,0.003529896479032399,0.002180500089303661,0.0024194136969978267,0.009104046215785519
MLT,0.41772299999999996,0.18979264795780182,9974.2578125,40062.5078125,0.24819406867027283,1.0563184022903442,1.1229343929965238e-14,1.0624016268184198e-14,0.7633917927742004,0.6620693802833557,9.656690833350309e-15,0.00012814149616777849,8.057488513892088e-6,0.000011199873824596068,0.00010888413382929034,0.00002698119118122365,0.000034082842550120286,0.00033070043555230263,0.000024645190659531954,8147379495.797467,0.00001702668369776792,0.00014403735200589613,1.8537157220147373e-6,6.188054614926506e-6,5.633457642186532e-6,8.808587464341605e-6,3.82404688053717e-6,0.00001128004384491865,7.959099344647812e-6,0.000016721117416739242,0.00003343526858014383,0.00005079699371352487
NLD,16.868019999999998,8.742557525634766,799410.0,3507223.25,0.21068425476551056,1.099960446357727,1.5112599647542038e-14,1.2801366990674746e-14,0.741576075553894,0.7196723222732544,9.899128980327192e-15,0.010739591777554186,0.0008080050865146649,0.001474406786626771,0.00845717990441275,0.002758107093155015,0.004911335350660101,0.014973113638731491,0.001917033404424995,564177223367.2189,0.0017554273064046635,0.005115997602885125,0.0003259717265839602,0.0006440724199979139,0.0005901736098969085,0.0009435221952421609,0.0004704589662657799,0.0006854864025880692,0.0023133531222028856,0.0031478118108243273,0.002734594116782457,0.00449811765661823
NOR,5.14797,2.7480950355529785,390833.78125,1294501.25,0.27333787083625793,1.280644178390503,2.0441204721546287e-14,1.7963081392993985e-14,0.6583933234214783,0.7629720568656921,9.628944160730493e-15,0.00608523069857616,0.0005159896934386742,0.0017627199107264145,0.003806521094411071,0.0015434076816142036,0.003215025218180405,0.0065559388920211435,0.00180449520396496,280862390691.15784,0.0005659074805050689,0.0018710954304267079,0.00007647422563776027,0.00035367793584213013,0.00022122847181382395,0.0006511767359859242,0.0003025249207770475,0.00034827868132738973,0.0015523458646080437,0.0017869464426806623,0.0006537985799242921,0.002081877355424035
POL,38.619974,15.837790489196777,937626.25,2073986.875,0.16662853956222534,0.5812117457389832,7.658320778993544e-15,9.577605531544765e-15,0.7526330351829529,0.6827865839004517,9.72415365609837e-15,0.0065678886005363845,0.000755358356718376,0.0013335846366678737,0.0044789456071501355,0.002516304081081277,0.004527291926716616,0.007933914280375437,0.0014013786915603734,389521949708.8504,0.0010174735889485025,0.002206694917031448,0.00011883849312557929,0.0007201906070967502,0.00039808302012004113,0.0007016916273723486,0.0006698962272666088,0.0005473550427293066,0.0016750880561108568,0.001465382845303823,0.001600927356313401,0.004662836437726195
PRT,10.402343,4.3413472175598145,277951.375,1937154.75,0.19475626945495605,0.8279034495353699,1.1277234485695457e-14,8.722382477139396e-15,0.74318927526474,0.6532097458839417,9.459811240106887e-15,0.00273009436205754,0.00017805880780517096,0.00038062026186775147,0.0021714152923846177,0.0005736480846888438,0.0013901307011417031,0.0036492573095915372,0.00044875866384517095,189035170931.91074,0.00030773769904522084,0.001149229943021172,0.00002140932095570809,0.00016201831870488805,0.00006564283500982954,0.0002181590033325986,0.0001449003855124487,0.00011206718112449817,0.0004852016847851792,0.0004927672546171006,0.0006774378872708675,0.0015748013337954702
ROU,19.651554,7.832633018493652,393395.21875,1631990.25,0.21316209435462952,0.5059675574302673,7.2403625216152e-15,7.403784559694505e-15,0.7607438564300537,0.6500442624092102,9.557289214530269e-15,0.0023893377195477426,0.0003179276120863799,0.000563800976673007,0.0015076091307883554,0.0009414289040185118,0.0014797842702158062,0.0029750302465141325,0.0006595545266426222,137819193949.72678,0.0004041232523699931,0.0009963142860405865,0.0000424532169110133,0.00018622746296870663,0.00016273079178561993,0.00021933585787613775,0.00019503929258539804,0.0002541205828103927,0.0004072433024399128,0.000300030277627241,0.0006048669512349839,0.0017846209438235493
ROW,2569.1606196234134,994.9832191579044,21515381.269500732,64795695.51464844,0.21818712171300098,0.5186292025617337,7.400713359564913e-15,8.136886405911952e-15,0.6930178341856859,0.7028279055455751,9.456063072361e-15,0.14481736823557098,0.01516302059704074,0.04554948474218022,0.08410486289635004,0.06428077218457343,0.12291863970610642,0.15979023828061198,0.050363651381475354,8237537862104.417,0.020970749240342673,0.0448994794273301,0.0037687025771912424,0.018018046783805523,0.008691242144475747,0.01833444079923403,0.016658278418812015,0.010929890299832719,0.05793334092311046,0.031242037618394256,0.02171479048099704,0.1133913925687092
RUS,143.42943499999998,71.89483642578125,3409058.0,7706619.5,0.13811005651950836,0.545780599117279,6.947784543483356e-15,1.0887544510176609e-14,0.6666485071182251,0.7545952200889587,9.62812003012311e-15,0.022001950566814654,0.002037139684001158,0.005550365228538312,0.01441444565427518,0.00566118198202255,0.014033177197346768,0.02611543031355081,0.004558126650388238,1273023171415.0603,0.00448327270905534,0.008064262498469423,0.00020904435238499334,0.0005710153946110649,0.00082606444749735,0.0031176998291621892,0.0016965243987177034,0.0013950064636996243,0.006056396048175034,0.0043473622040583445,0.0027046807644709406,0.012390495757759365
SVK,5.422861,2.194892168045044,135270.0625,522355.84375,0.21809110045433044,0.7410997748374939,9.336819441490928e-15,9.641916058311132e-15,0.7708555459976196,0.6553831100463867,9.661957839544688e-15,0.0012343776168853952,0.0001977443501993787,0.00022373407050275414,0.0008128991961832623,0.0008431998369192567,0.0006973323292202994,0.001566075494682059,0.00027576290044463127,69987423801.30888,0.0001206171792351576,0.0005954582114314952,0.000027082289733057156,0.00029711581155843247,0.00008320600908778176,0.00009662964575366201,0.00015019834687632626,0.00007146362813027131,0.00024425297001811475,0.00032880200468002183,0.0004985994579866951,0.0008671297825269727
SVN,2.066068,0.96692955493927,56765.64453125,338292.25,0.2418542057275772,0.8718555569648743,1.1268638092180903e-14,9.654740585963001e-15,0.7449141144752502,0.6573386788368225,9.49946722587428e-15,0.0005801504128633751,0.00006974534365588565,0.00011340544312363281,0.00039699962608385667,0.00022326631009367197,0.0003250689364150535,0.0007284779079336398,0.000126985652547736,33653257066.119778,0.00007352915576406403,0.00023885032907221352,0.000014282639276725833,0.00006519436548644086,0.00003071119811954425,0.000050392855149384045,0.00006250702185403229,0.00003668105055029572,0.00012044863354937276,0.00019697813682749803,0.00020367773338620025,0.00033176853297375576
SWE,9.703247,4.751581192016602,408673.3125,1774148.0,0.27592533826828003,1.3974254131317139,1.740520624763137e-14,1.632044310341077e-14,0.7634034156799316,0.6967286467552185,9.891566441304309e-15,0.006872245387926974,0.0009003736737197779,0.000768804550017069,0.005203067164190127,0.0021880680072824295,0.0023689723614464613,0.009238271748810306,0.0016767681332012666,377900058407.19995,0.0006546419619066963,0.003024710080592283,0.00010028877531805566,0.0003719986146548489,0.00041856628337764697,0.0005213484409497864,0.0003834279840918169,0.0005657327080144216,0.0009072208929286619,0.0011311731976380497,0.0010112395366938748,0.0022490387005022865
TUR,77.523788,24.647476196289062,1513406.25,4605440.5,0.21191559731960297,0.5275607705116272,8.210730025929948e-15,6.8137701309602286e-15,0.7383667230606079,0.7133175134658813,9.834337212928398e-15,0.009632148608067761,0.0007871786050732305,0.0023495444015660667,0.0064954256014284634,0.0021369515517487736,0.007099418641214056,0.011011427438502532,0.0021254170070300494,574036462627.4047,0.001394809333325741,0.003220154659344537,0.00006207484598503527,0.00026345552353173094,0.0001693544999187606,0.0007789483809837626,0.0006567355226700065,0.0005178562203089166,0.002682799849903843,0.002213558516487116,0.0019781973073187487,0.00686405743204569
TWN,23.433999999999997,11.172163963317871,972848.5625,3412746.0,0.2271096408367157,0.5448574423789978,6.7888570029737644e-15,7.092378495680816e-15,0.7772769331932068,0.737096905708313,1.0259023707407115e-14,0.006922426250209591,0.0014933265236717066,0.0009492932640515635,0.00447980646248632,0.004567712579569663,0.004930654687206921,0.007039764832591974,0.0014994250239064122,346100819411.9376,0.0006854033533883784,0.0016383508019964905,0.0001213054967446934,0.0022858331484940783,0.0005389023604855563,0.0006801621066545231,0.0009163059098040048,0.000500777930776096,0.002698053286781419,0.001570130102167031,0.0020765417048588435,0.005437066289898733
USA,319.44863399999997,148.46339416503906,16490883.0,52849892.0,0.20782746374607086,1.0519795417785645,1.3601064893764551e-14,1.36619329733445e-14,0.7692084312438965,0.8049124479293823,1.0663776012848415e-14,0.23504666659700818,0.019007744014691085,0.027781651232498827,0.18825727134981826,0.041513859289240694,0.07467126931030753,0.3034370955008426,0.04650441946791352,14465074403884.81,0.014942152288786311,0.09227884569573112,0.0015274658811341114,0.006377971344514524,0.0069516042547654805,0.01564926509550094,0.007507911777899018,0.008501951334383577,0.02815482015471989,0.009001344893655526,0.01576726373925634,0.08143718815590835
