country,T_m0,A_c0,A_x0,alpha0,nu_m0,nu_x0,nu_c0,L0,K0,F,delta,lambda,chi,theta,eta,gam,beta,sigma
AUS,0.8999743923963931,0.7422325746871176,0.6862290937596914,0.33,0.4030861250891731,0.3143203531185397,0.5714599437932723,11.966839790344238,3944975.5,-0.0008886258853701321,0.06,0.76,0.5090451454202389,4.0,2.0,0.8160489390982631,0.96,0.5
AUT,0.46454096228370967,0.7961710333893266,0.9312075681411962,0.33,0.3049541256310836,0.37628942018465855,0.5710253218425796,4.420995235443115,1891024.375,1.589525561029783e-6,0.06,0.76,0.5090451454202389,4.0,2.0,0.8160489390982631,0.96,0.5
BEL,0.3908945046737068,0.8483033928929697,1.0492834969627618,0.33,0.2134679835822098,0.2906665240530988,0.5353690833453134,4.899380683898926,2300616.0,-0.0005388322515739157,0.06,0.76,0.5090451454202389,4.0,2.0,0.8160489390982631,0.96,0.5
BGR,0.1446434111638744,0.931471044432648,1.1967150542672849,0.33,0.26175014527986723,0.23007353530581634,0.5176906113449877,3.5713400840759277,312399.375,0.00007221012272116281,0.06,0.76,0.5090451454202389,4.0,2.0,0.8160489390982631,0.96,0.5
BRA,0.2142214878726187,0.4663719525378909,0.9744058011327961,0.33,0.3098125385515216,0.357781597495406,0.6370054960978793,105.90861511230469,13655093.0,-0.0006278716704134872,0.06,0.76,0.5090451454202389,4.0,2.0,0.8160489390982631,0.96,0.5
CAN,0.49159643007349235,0.7766555400227723,0.8610615740792611,0.33,0.41573297162232425,0.3948803723135384,0.5766282730933504,18.828073501586914,6097224.5,-0.0007412672534145202,0.06,0.76,0.5090451454202389,4.0,2.0,0.8160489390982631,0.96,0.5
CHE,0.874631947283601,0.7719391875618491,0.8971257303880579,0.33,0.34830918961723506,0.38792065106147394,0.5451016600309446,5.0144171714782715,1907268.125,-0.00017171245984706675,0.06,0.76,0.5090451454202389,4.0,2.0,0.8160489390982631,0.96,0.5
CHN,0.209313433604401,0.7675015337221401,1.2491325592295375,0.33,0.26969377125196214,0.20013120799085923,0.5023468369284901,798.3677978515625,69379696.0,-0.0004132928844158123,0.06,0.76,0.5090451454202389,4.0,2.0,0.8160489390982631,0.96,0.5
CYP,0.27172002485067953,0.8063098995498115,1.102115263163829,0.33,0.35093706634323973,0.3000913557523669,0.5723232936331435,0.2880662679672241,131595.765625,0.00005862798441826739,0.06,0.76,0.5090451454202389,4.0,2.0,0.8160489390982631,0.96,0.5
CZE,0.1876057943943607,1.0276723036591695,1.1751029549312206,0.33,0.293127168222661,0.2511897878815843,0.48273860018266734,5.0684404373168945,1733171.125,0.00005072384767411517,0.06,0.76,0.5090451454202389,4.0,2.0,0.8160489390982631,0.96,0.5
DEU,0.5233173785117275,0.8187615127737075,0.89318062695413,0.33,0.3095584353200216,0.38500042543646934,0.5896672080078903,42.453529357910156,15146735.0,-0.00048730617105079317,0.06,0.76,0.5090451454202389,4.0,2.0,0.8160489390982631,0.96,0.5
DNK,0.5325046947872671,0.7173342084841925,0.8359941220937867,0.33,0.3713018407555994,0.3650673660392883,0.5375432658330117,2.8066797256469727,1079511.125,-0.00011526447498472496,0.06,0.76,0.5090451454202389,4.0,2.0,0.8160489390982631,0.96,0.5
ESP,0.5546267513796096,0.7409001408480119,1.148232731051615,0.33,0.26323300240109093,0.34952525539910856,0.6023120284184131,17.612688064575195,8438931.0,0.0003175871333076846,0.06,0.76,0.5090451454202389,4.0,2.0,0.8160489390982631,0.96,0.5
EST,0.17753731047576754,0.846204427069472,1.045358463061212,0.33,0.30539328042234254,0.28055003727363037,0.5173001094926459,0.6335540413856506,150939.28125,0.000014390036885275504,0.06,0.76,0.5090451454202389,4.0,2.0,0.8160489390982631,0.96,0.5
FIN,0.695381475349896,0.7332025179431517,0.8210376177681221,0.33,0.27235210111437214,0.3580059930949124,0.5521767832357222,2.598491668701172,1003242.0625,-0.00010974270131152407,0.06,0.76,0.5090451454202389,4.0,2.0,0.8160489390982631,0.96,0.5
FRA,0.6203413529249747,0.801225906244115,0.9469077566451207,0.33,0.30420424997855344,0.34389961853657997,0.5823778975858249,27.253528594970703,12076728.0,0.0012088508565399904,0.06,0.76,0.5090451454202389,4.0,2.0,0.8160489390982631,0.96,0.5
GBR,0.48584862834983605,0.7337482949387615,1.0180386779265689,0.33,0.37767849592235053,0.3738341506690495,0.5490523275092731,30.962045669555664,11811327.0,0.0019096648986386905,0.06,0.76,0.5090451454202389,4.0,2.0,0.8160489390982631,0.96,0.5
GRC,0.31956962752358065,0.5792078818678869,0.9388319794562481,0.33,0.3011281788428366,0.40664753574541396,0.649848854558567,3.9877212047576904,2004816.375,0.0002217223383506286,0.06,0.76,0.5090451454202389,4.0,2.0,0.8160489390982631,0.96,0.5
HRV,0.1454318786442343,0.7434330985614065,1.0484917986311115,0.33,0.36003077795652305,0.3530982401177178,0.5737266014888885,1.4993664026260376,411750.84375,8.367922455177032e-6,0.06,0.76,0.5090451454202389,4.0,2.0,0.8160489390982631,0.96,0.5
HUN,0.15215633391632566,0.8748498514394062,1.2213932187165435,0.33,0.28750690559857833,0.24641319131971692,0.5529239116097893,4.15802001953125,1065811.75,0.00005527747299187793,0.06,0.76,0.5090451454202389,4.0,2.0,0.8160489390982631,0.96,0.5
IDN,0.005797675467726966,0.682555209510852,1.284862607433837,0.33,0.5156713570597212,0.3486036127101344,0.5774531081583767,113.02394104003906,13456787.0,-0.0006311653200639141,0.06,0.76,0.5090451454202389,4.0,2.0,0.8160489390982631,0.96,0.5
IND,0.02573663834890056,0.3873195571608633,1.4285568317629496,0.33,0.35323106630546114,0.28938683212978594,0.7289014159821827,510.2787780761719,22491836.0,0.0007758543964247128,0.06,0.76,0.5090451454202389,4.0,2.0,0.8160489390982631,0.96,0.5
IRL,0.3514795438833842,0.8713827968388138,1.2585995548739541,0.33,0.36585109134660065,0.28685841567969295,0.494301256412901,1.8519502878189087,991600.875,-0.0009153752847750404,0.06,0.76,0.5090451454202389,4.0,2.0,0.8160489390982631,0.96,0.5
ITA,0.6080472376342551,0.7384723121729964,1.1302693463706606,0.33,0.2732823250641497,0.31550446054873915,0.5819976386498165,23.584444046020508,13027931.0,-0.0002854328380517742,0.06,0.76,0.5090451454202389,4.0,2.0,0.8160489390982631,0.96,0.5
JPN,0.5424843373499414,0.7249818946559095,0.9041075162417606,0.33,0.3129357873614925,0.3703510812626793,0.6290460577414254,64.98536682128906,18236474.0,0.004306245330370913,0.06,0.76,0.5090451454202389,4.0,2.0,0.8160489390982631,0.96,0.5
KOR,0.4895981343963769,0.8956333620875393,1.1283461120435445,0.33,0.22660424192287731,0.28243009274281433,0.5362748680921614,26.139667510986328,6839375.0,0.001552969416175319,0.06,0.76,0.5090451454202389,4.0,2.0,0.8160489390982631,0.96,0.5
LTU,0.18774725140142381,0.7958229827592126,0.774351379935714,0.33,0.30151721827711814,0.5325244402694318,0.6420583764034963,1.0964269638061523,257047.1875,0.000014148092395994407,0.06,0.76,0.5090451454202389,4.0,2.0,0.8160489390982631,0.96,0.5
LUX,0.37825407731122695,1.0287659747033515,1.0976070361747787,0.33,0.23425793862171576,0.4067041659557403,0.27072838954186784,0.4224495589733124,180698.0625,0.00006345158798839299,0.06,0.76,0.5090451454202389,4.0,2.0,0.8160489390982631,0.96,0.5
LVA,0.14967201862577426,0.8304828392141105,0.9921526349454078,0.33,0.29712116343282624,0.27283673826461696,0.501098023403149,0.8054477572441101,308635.96875,0.00003629016198222488,0.06,0.76,0.5090451454202389,4.0,2.0,0.8160489390982631,0.96,0.5
MEX,0.09953483945513844,0.4264611925289352,0.9315599269367457,0.33,0.43342712852486837,0.3706069558340338,0.7466665891901779,51.412574768066406,6677512.0,0.0002389136076941657,0.06,0.76,0.5090451454202389,4.0,2.0,0.8160489390982631,0.96,0.5
MLT,0.2142318217865453,1.2049013408214937,1.0740999975007488,0.33,0.3286073867848954,0.29863353547931326,0.32925307052421326,0.18979264795780182,40062.5078125,0.000016714151163404588,0.06,0.76,0.5090451454202389,4.0,2.0,0.8160489390982631,0.96,0.5
NLD,0.4195538974369285,0.8007004228475326,1.0205760397460983,0.33,0.300204869217209,0.29295638610986025,0.5648243984829087,8.742557525634766,3507223.25,-0.00041321769404187043,0.06,0.76,0.5090451454202389,4.0,2.0,0.8160489390982631,0.96,0.5
NOR,0.9469821776364359,0.7789975959057533,0.836123155684739,0.33,0.5482756093975693,0.33431846918049296,0.5806218082727661,2.7480950355529785,1294501.25,-0.0011331478627563702,0.06,0.76,0.5090451454202389,4.0,2.0,0.8160489390982631,0.96,0.5
POL,0.3116006115447968,1.0467368905007777,1.0830313187929284,0.33,0.29456563841135947,0.30018564226696803,0.5645316358192604,15.837790489196777,2073986.875,0.000135544511009578,0.06,0.76,0.5090451454202389,4.0,2.0,0.8160489390982631,0.96,0.5
PRT,0.30870598025271456,0.6594886332134331,1.157105533021974,0.33,0.27380178105206304,0.31039728460307336,0.5950293739707998,4.3413472175598145,1937154.75,0.0001846706326537669,0.06,0.76,0.5090451454202389,4.0,2.0,0.8160489390982631,0.96,0.5
ROU,0.10099053669442733,0.9839566782915878,1.1316736755488055,0.33,0.38100214201546045,0.3377075111347212,0.5067542195763668,7.832633018493652,1631990.25,0.00030483667360774294,0.06,0.76,0.5090451454202389,4.0,2.0,0.8160489390982631,0.96,0.5
ROW,0.08023738220742675,0.7559602830658485,1.0971468700632245,0.33,0.37056613098784064,0.2358873436290125,0.5263454376271172,994.9832191579044,64795695.51464844,-0.009527247137397218,0.06,0.76,0.5090451454202389,4.0,2.0,0.8160489390982631,0.96,0.5
RUS,0.14954117059766445,1.0360929616184065,0.8046161452663467,0.33,0.3955173622112968,0.3598435256930845,0.5519512978040341,71.89483642578125,7706619.5,-0.0016426814395874038,0.06,0.76,0.5090451454202389,4.0,2.0,0.8160489390982631,0.96,0.5
SVK,0.20599075976732187,0.9987946154773362,1.1716289875894235,0.33,0.3208428193095758,0.23451658971124106,0.5190676943376189,2.194892168045044,522355.84375,0.00016979745330667325,0.06,0.76,0.5090451454202389,4.0,2.0,0.8160489390982631,0.96,0.5
SVN,0.15352081898381642,0.7533727144725048,1.0568750668109446,0.33,0.3488658263514753,0.31238633193975307,0.5449714009996046,0.96692955493927,338292.25,6.6995965587022155e-6,0.06,0.76,0.5090451454202389,4.0,2.0,0.8160489390982631,0.96,0.5
SWE,0.7149368393750674,0.7741254973926889,0.7963579339340832,0.33,0.32453082295466196,0.4114925453519326,0.5632078494400397,4.751581192016602,1774148.0,-0.00011993366094417484,0.06,0.76,0.5090451454202389,4.0,2.0,0.8160489390982631,0.96,0.5
TUR,0.22075697161655533,0.8334600340077525,1.3138337985536328,0.33,0.3309488452936586,0.36836520904231224,0.5898804344581678,24.647476196289062,4605440.5,-0.00023536120916836743,0.06,0.76,0.5090451454202389,4.0,2.0,0.8160489390982631,0.96,0.5
TWN,0.4392699333725316,1.0945236135944516,1.5273972133285905,0.33,0.1925288474397934,0.32693093045105676,0.636357402415799,11.172163963317871,3412746.0,0.0005064116026918125,0.06,0.76,0.5090451454202389,4.0,2.0,0.8160489390982631,0.96,0.5
USA,1.0,1.0,1.0,0.33,0.3720527518696389,0.45786502002278057,0.6204161394278028,148.46339416503906,52849892.0,0.006765918845600814,0.06,0.76,0.5090451454202389,4.0,2.0,0.8160489390982631,0.96,0.5
